Cost To A,Cost To B,A Marginal Value,A Benefit,B Benefit,Total Value
3,0,0,0,4,4
3,1,1,1,3,4
3,2,0.5,1.5,2,3.5
3,3,0.25,1.75,1,2.75
3,4,0.125,1.875,0,1.875
3,5,0.0625,1.9375,-1,0.9375
3,6,0.03125,1.96875,-2,-0.03125